,number,value,datetime_start,datetime_complete,duration,params_colsample_bytree,params_gamma,params_grow_policy,params_learning_rate,params_max_delta_step,params_max_depth,params_min_child_weight,params_reg_alpha,params_reg_lambda,params_scale_pos_weight,params_subsample,state
0,0,0.9624332642698387,2022-03-30 03:46:11.802710,2022-03-30 03:48:31.552709,0 days 00:02:19.749999,0.9319479688035828,8.231020113139264,lossguide,0.3792877409641593,1.2185177456564977,4,80,3.5329327442301306,6.70471230009565,4.666051628293129,0.7074609922997644,COMPLETE
1,1,0.9604870554504749,2022-03-30 03:48:31.554620,2022-03-30 03:50:01.221747,0 days 00:01:29.667127,0.48968081621451887,2.969951699522706,depthwise,0.22103466870723565,3.540858386921091,12,84,1.5014109752381544,1.1465599676748106,3.422978538956498,0.39228219433885847,COMPLETE
2,2,0.961361719793281,2022-03-30 03:50:01.223688,2022-03-30 03:52:50.025978,0 days 00:02:48.802290,0.8299948002762089,7.401019988759451,lossguide,0.5437422683516528,4.753618624812637,7,37,0.5355766657275185,7.1386788831282635,3.2159850530388057,0.7905724989807876,COMPLETE
3,3,0.9681637278793881,2022-03-30 03:52:50.027801,2022-03-30 03:56:19.773297,0 days 00:03:29.745496,0.8797293678552807,4.503975504488188,lossguide,0.17382143765342184,2.4991620377218404,13,16,2.9385542396301845,1.7101599421521907,3.4969861938819946,0.43980824130757,COMPLETE
4,4,0.9642974671581626,2022-03-30 03:56:19.775006,2022-03-30 03:57:39.019630,0 days 00:01:19.244624,0.4262266298023908,1.341379012283953,lossguide,0.061698656315136935,1.528490616700533,13,99,8.05713933041618,2.115961842371158,14.171670734676818,0.3203056947381754,COMPLETE
5,5,0.9520478069956949,2022-03-30 03:57:39.021476,2022-03-30 03:59:02.721480,0 days 00:01:23.700004,0.5839405616706067,1.4981084177693271,depthwise,0.500848439980198,5.974480299089551,5,9,9.137682662767826,4.925427693217243,15.198268374813777,0.23566503806314942,COMPLETE
6,6,0.9552159145487679,2022-03-30 03:59:02.723220,2022-03-30 04:00:05.699730,0 days 00:01:02.976510,0.2997417153405401,2.010678782777855,depthwise,0.39042316979321756,8.340254790567155,10,74,1.3198190261686682,0.09589416129024753,5.67946513266214,0.38629331605802464,COMPLETE
7,7,0.9474139315970773,2022-03-30 04:00:05.700963,2022-03-30 04:01:10.348405,0 days 00:01:04.647442,0.4028990995891578,5.574172167135897,depthwise,0.997700595768492,4.720561110449247,13,94,4.605756782181515,2.8460257262962827,18.900748808080962,0.6015790610366037,COMPLETE
8,8,0.9546378416416826,2022-03-30 04:01:10.350204,2022-03-30 04:04:35.008447,0 days 00:03:24.658243,0.8343751242224066,7.289931158160278,depthwise,0.712516119859906,3.269220467269549,8,2,4.48063498605363,3.7179543926316705,5.6369030976962,0.4936636827317339,COMPLETE
9,9,0.9488642801116366,2022-03-30 04:04:35.010503,2022-03-30 04:05:59.418878,0 days 00:01:24.408375,0.7851667899736318,3.3000031865014345,depthwise,0.21122704317893837,6.524652790806121,15,50,5.700098363187091,3.3875140967665374,18.320657334941966,0.12126488057171257,COMPLETE
10,10,0.9690260100790541,2022-03-30 04:05:59.420734,2022-03-30 04:10:48.701314,0 days 00:04:49.280580,0.7327489372895104,4.778361329672846,lossguide,0.0135214818814402,0.8793495912063605,15,20,3.7493062251355074,1.3015448620391055,5.925386858636372,0.6272546130984219,COMPLETE
11,11,0.9695281089338805,2022-03-30 04:10:48.703357,2022-03-30 04:14:48.420958,0 days 00:03:59.717601,0.8841793631321575,3.621900273141124,lossguide,0.07613658344261616,6.407176012059792,12,29,0.9927342742920922,1.5861367705015543,2.089725983654788,0.6519014685727453,COMPLETE
12,12,0.9721097038757875,2022-03-30 04:14:48.422832,2022-03-30 04:18:19.730394,0 days 00:03:31.307562,0.6515948668727524,0.59333344820485,lossguide,0.05097248914832657,6.976617428476271,9,11,0.9106094442121585,3.2135772885744176,3.1739028353467793,0.6636195885201769,COMPLETE
13,13,0.9709305433721956,2022-03-30 04:18:19.732154,2022-03-30 04:22:17.320359,0 days 00:03:57.588205,0.7701868181010256,2.5527986489988153,lossguide,0.15098275779685244,9.012431785149989,11,17,1.7112865787491418,3.81281663695115,4.795052856044601,0.7841527305471483,COMPLETE
14,14,0.9702009189064292,2022-03-30 04:22:17.322318,2022-03-30 04:25:43.208396,0 days 00:03:25.886078,0.8645508683366367,1.184656949562709,depthwise,0.24682357119242498,8.489593386495073,10,34,1.5179433826471125,4.6204855720352365,8.952758945474741,0.9151359448708739,COMPLETE
15,15,0.9713918459945031,2022-03-30 04:25:43.210697,2022-03-30 04:28:52.344156,0 days 00:03:09.133459,0.8253458869882798,0.7162667247088119,lossguide,0.14856971908411096,6.9679549628968065,8,13,5.0050359643814275,5.175123979075678,5.151049027017962,0.676302644635694,COMPLETE
16,16,0.9649661546922083,2022-03-30 04:28:52.346034,2022-03-30 04:30:35.815111,0 days 00:01:43.469077,0.4708916879851225,0.16401673056630017,lossguide,0.16827786860062066,8.090050475813138,5,40,5.4647631633994,4.80647814634637,0.897059950445243,0.6728270102583429,COMPLETE
17,17,0.9688433114384147,2022-03-30 04:30:35.821507,2022-03-30 04:35:03.591241,0 days 00:04:27.769734,0.9022143277352234,1.9161469727444673,lossguide,0.30089922583871126,6.041409275296748,9,2,6.5272789309644,5.705210244588296,13.332967335493585,0.5939488219892675,COMPLETE
18,18,0.962798171723619,2022-03-30 04:35:03.593092,2022-03-30 04:36:22.713685,0 days 00:01:19.120593,0.6564079292378048,0.2799049409868326,lossguide,0.18019743581059602,4.571985557333612,3,8,2.3594182310087732,6.3470876122513875,3.7039624098197588,0.37515393459620394,COMPLETE
19,19,0.9643476248614156,2022-03-30 04:36:22.715606,2022-03-30 04:39:23.361485,0 days 00:03:00.645879,0.8333470002033293,3.5518770911717623,lossguide,0.5640052214467449,8.887217372513888,6,19,8.10168915495144,2.9105212428816363,1.3453212042230092,0.9786028781936145,COMPLETE
20,20,0.9715280357729145,2022-03-30 04:39:23.363401,2022-03-30 04:42:33.010904,0 days 00:03:09.647503,0.5528392163261782,0.8490146506373906,depthwise,0.1101462258886773,4.6735756784655385,9,6,0.3564286266150608,2.9430628454597776,2.87999119177303,0.6227659758213564,COMPLETE
21,21,0.9701028560279807,2022-03-30 04:42:33.012909,2022-03-30 04:45:47.056267,0 days 00:03:14.043358,0.5673370008917673,0.11773662702928234,depthwise,0.07504702564176999,2.529016300549754,10,25,1.5672011727663646,3.805196698690761,1.3259242391703245,0.8046560740552141,COMPLETE
22,22,0.9690683896246712,2022-03-30 04:45:47.058400,2022-03-30 04:48:16.515772,0 days 00:02:29.457372,0.4609093423060089,1.046840003919372,lossguide,0.2535466363266538,7.512865648348145,7,3,0.013581360331373582,3.0723286328026598,1.1032784972473522,0.8637234690498171,COMPLETE
23,23,0.9710400586151818,2022-03-30 04:48:16.517708,2022-03-30 04:50:52.847494,0 days 00:02:36.329786,0.4801605867973937,2.864734261094377,depthwise,0.05867732372828347,4.89850883674245,7,3,2.9098812288967353,0.5517620747940932,7.336810684611151,0.4736321985034766,COMPLETE
24,24,0.9680919949070033,2022-03-30 04:50:52.849235,2022-03-30 04:53:40.156124,0 days 00:02:47.306889,0.7351034523758504,1.797063630788779,lossguide,0.020619747065580757,8.144377827079044,9,11,5.306404166380404,6.057869020794157,4.476911189861736,0.34733398594596165,COMPLETE
25,25,0.9679932028617109,2022-03-30 04:53:40.158232,2022-03-30 04:56:30.667640,0 days 00:02:50.509408,0.5352591894406973,0.6385362765405931,lossguide,0.31066493111070903,6.118311122683933,13,4,0.798973736946837,4.703691689513947,1.199942607693425,0.53416096706695,COMPLETE
26,26,0.9646801271828552,2022-03-30 04:56:30.669507,2022-03-30 04:58:33.851658,0 days 00:02:03.182151,0.5004518695667051,0.6725028545750866,depthwise,0.4252878075825898,4.593379664514628,7,10,0.603980470772185,2.7521969567254283,2.5912655704608496,0.5340326008261074,COMPLETE
27,27,0.9537843561748073,2022-03-30 04:58:33.853595,2022-03-30 04:59:50.540236,0 days 00:01:16.686641,0.7963730964107965,3.184591452126045,depthwise,0.11208294546309569,8.011035488394482,2,29,4.2345186166245945,8.115811905817923,10.970772801913,0.7131528848178821,COMPLETE
28,28,0.9711974475630009,2022-03-30 04:59:50.542299,2022-03-30 05:02:38.039207,0 days 00:02:47.496908,0.6500756638634095,0.1595774517072056,lossguide,0.16549094101746026,5.4655456137565155,6,10,2.3937935965350094,5.044500931827787,9.57837990644622,0.7346627562303021,COMPLETE
29,29,0.964886791049974,2022-03-30 05:02:38.041112,2022-03-30 05:05:17.775812,0 days 00:02:39.734700,0.8896943760435028,1.816433737896247,lossguide,0.37997555768178526,7.646122220820521,6,9,3.4414227800329407,0.5258972205160592,9.6485850042126,0.46619447349102194,COMPLETE
30,30,0.9679095932390066,2022-03-30 05:05:17.777717,2022-03-30 05:06:44.843755,0 days 00:01:27.066038,0.42396824104763253,0.7029359753381091,depthwise,0.15498597727901325,6.88557304737845,9,12,0.37258772199151213,5.176334563046909,6.716828224678888,0.36209474895649796,COMPLETE
31,31,0.9584740481554261,2022-03-30 05:06:44.845619,2022-03-30 05:10:09.961867,0 days 00:03:25.116248,0.665297104440063,3.360529124952125,lossguide,0.009742939986251087,5.062475361307682,6,2,1.2073694335053287,6.079532450223039,6.3973174230697225,0.828981750246906,COMPLETE
32,32,0.9683356167872071,2022-03-30 05:10:09.963768,2022-03-30 05:13:27.621942,0 days 00:03:17.658174,0.6545755866371206,0.7899383270625174,lossguide,0.018195162426465947,9.047129075572935,7,9,0.7646745434601839,2.199062111554537,8.84966766203399,0.6323167700118711,COMPLETE
33,33,0.9712724403134444,2022-03-30 05:13:27.623873,2022-03-30 05:15:23.395981,0 days 00:01:55.772108,0.3908799937788089,0.41380859690118765,lossguide,0.08983375249215428,5.581708113055721,8,21,5.055098395435033,5.66970276740956,10.1034527369995,0.6533597286675674,COMPLETE
34,34,0.9709197635801322,2022-03-30 05:15:23.397938,2022-03-30 05:17:13.806778,0 days 00:01:50.408840,0.38835606930790034,0.7726245385087456,lossguide,0.12305797534048465,5.826013650209353,7,31,5.344719202998595,9.111442554053074,14.005761732016252,0.783224619391659,COMPLETE
35,35,0.9419243094088582,2022-03-30 05:17:13.808740,2022-03-30 05:21:21.176739,0 days 00:04:07.367999,0.5145948959096549,0.8258069463897469,lossguide,0.0010901644449836378,6.195998863574921,9,17,8.14744594949674,6.097200839681782,7.75411545055852,0.7581069247009067,COMPLETE
36,36,0.9683615189799643,2022-03-30 05:21:21.178750,2022-03-30 05:23:37.195573,0 days 00:02:16.016823,0.21522789904688533,2.358625017742198,lossguide,0.24504464964084452,6.37700398400559,11,12,3.5680977394077895,2.376259822463924,10.55416594542467,0.7841142329487372,COMPLETE
37,37,0.9410519484914328,2022-03-30 05:23:37.201837,2022-03-30 05:27:13.327028,0 days 00:03:36.125191,0.4887275498684262,0.03697408584036582,lossguide,0.0014591082102858172,7.3767294151220275,8,44,3.894978858163555,4.637954128334493,13.778101745143104,0.6551418430290115,COMPLETE
38,38,0.9663327283749928,2022-03-30 05:27:13.329449,2022-03-30 05:28:58.107198,0 days 00:01:44.777749,0.28146130509560535,2.198967388695453,depthwise,0.025764626682360917,3.6780855999264226,7,31,8.242207937217392,4.535622060594035,10.441147208787376,0.552724225942099,COMPLETE
39,39,0.9655108683266037,2022-03-30 05:28:58.113899,2022-03-30 05:31:50.771767,0 days 00:02:52.657868,0.9355430344917872,0.14419650484132895,lossguide,0.357980036803467,9.193696917493455,9,41,7.224632049107946,4.373689921604644,3.170799881725829,0.6164705313686245,COMPLETE
40,40,0.9715129102172376,2022-03-30 05:31:50.773551,2022-03-30 05:35:11.049284,0 days 00:03:20.275733,0.8018426053780919,0.8438532337351449,depthwise,0.16213208004479207,5.847985947118822,8,3,0.8148501260063448,2.3924114650601047,3.442900100797708,0.5909320108914692,COMPLETE
41,41,0.9002981703122424,2022-03-30 05:35:11.051341,2022-03-30 05:37:27.053792,0 days 00:02:16.002451,0.7348475408441613,4.090875628696463,depthwise,0.09428171910140275,4.894389720373953,6,2,2.18173737412349,3.686398890458074,0.028394109049570293,0.6052694337008393,COMPLETE
42,42,0.969710000713377,2022-03-30 05:37:27.055850,2022-03-30 05:39:43.051106,0 days 00:02:15.995256,0.36184435311974456,3.3641772671494885,depthwise,0.017508681981673754,3.374207870848589,9,9,0.07491706654934621,2.865348875430832,5.2970991907144835,0.6030718255033319,COMPLETE
43,43,0.9680723386676897,2022-03-30 05:39:43.053072,2022-03-30 05:42:40.606479,0 days 00:02:57.553407,0.7159891027372546,1.776480123471611,depthwise,0.14632459717050753,6.68529736976101,9,13,0.9327398674261089,0.8237503411089659,0.5357304000686653,0.6776637188829949,COMPLETE
44,44,0.9595191565436522,2022-03-30 05:42:40.608287,2022-03-30 05:44:38.800093,0 days 00:01:58.191806,0.8915591721406868,0.44367600786388406,lossguide,0.061550028596277284,4.531426956877217,3,18,5.042776581912018,1.7960938376551177,2.3440065116494306,0.8295298604961567,COMPLETE
45,45,0.9652691212572545,2022-03-30 05:44:38.802152,2022-03-30 05:47:56.083072,0 days 00:03:17.280920,0.99128549724845,2.1041286935796815,lossguide,0.09317263139744122,6.683540047183819,7,32,5.280061393417127,7.05135328257496,0.6520782904721463,0.7025182161577295,COMPLETE
46,46,0.9547929477587896,2022-03-30 05:47:56.089423,2022-03-30 05:48:45.445770,0 days 00:00:49.356347,0.2848672014832145,0.5290588630299081,lossguide,0.18212215494459424,5.002657238280852,2,18,7.303144578407536,7.553847624355503,6.808878318583863,0.5526381897075776,COMPLETE
47,47,0.9696105219539112,2022-03-30 05:48:45.448172,2022-03-30 05:51:00.060843,0 days 00:02:14.612671,0.7585899425690179,0.04714367847370671,depthwise,0.09952533557489397,5.90602075003026,6,19,0.6959758045722089,1.9794772110819712,5.379854923071979,0.443779658877244,COMPLETE
48,48,0.9685202721795715,2022-03-30 05:51:00.079239,2022-03-30 05:52:35.041178,0 days 00:01:34.961939,0.2745252181174349,2.337607013682678,lossguide,0.14594907968754264,3.330692906703886,6,40,5.378177161217558,4.903059701422048,7.981044313169184,0.7529711327652789,COMPLETE
49,49,0.9703543673972602,2022-03-30 05:52:35.043021,2022-03-30 05:55:20.279476,0 days 00:02:45.236455,0.6239713801731119,0.5026250938800323,lossguide,0.13890502274429473,7.4857255833173655,9,11,1.4396469914072125,0.9481008849772623,2.2707775314036023,0.5579950620661552,COMPLETE
50,50,0.9635203038092303,2022-03-30 05:55:20.281294,2022-03-30 05:57:09.444105,0 days 00:01:49.162811,0.5596878417529999,2.4481274886963265,lossguide,0.1456124889158606,4.025008602897051,9,55,0.7746381580956434,2.843239876796827,1.1086807758540949,0.5297082632471912,COMPLETE
51,51,0.9697159811422558,2022-03-30 05:57:09.445930,2022-03-30 06:00:36.871996,0 days 00:03:27.426066,0.8055054386749946,2.1389612156841076,depthwise,0.19915331520140292,4.957779608479631,12,9,2.2513877037843235,2.6872868686931572,8.141638071697681,0.5379563817842403,COMPLETE
52,52,0.9656943116675957,2022-03-30 06:00:36.873800,2022-03-30 06:04:05.225644,0 days 00:03:28.351844,0.97584975465477,1.9541079590425405,depthwise,0.3664648897128273,4.923720850014116,6,13,0.23959111241666742,3.861417486304085,2.765006626598042,0.7324979393543796,COMPLETE
53,53,0.9674739150940598,2022-03-30 06:04:05.227883,2022-03-30 06:06:48.890188,0 days 00:02:43.662305,0.6167870359125813,1.0950074317976366,lossguide,0.41488226693481534,4.011433387689591,8,10,0.6984559813706435,6.628866330827465,8.858056821058618,0.6621764259342873,COMPLETE
54,54,0.9726215602278253,2022-03-30 06:06:48.892116,2022-03-30 06:10:49.213202,0 days 00:04:00.321086,0.5559784177376106,1.1165902421911031,lossguide,0.05133696664441903,4.796798805110363,11,4,1.9800184998932382,3.7107791190321233,9.61233754073488,0.5956228209305734,COMPLETE
55,55,0.9705203696321506,2022-03-30 06:10:49.214960,2022-03-30 06:12:43.669920,0 days 00:01:54.454960,0.3138850969497069,1.4128392910938563,lossguide,0.05390249508163192,0.9679082371138099,7,6,4.834736491602401,3.166200235856339,13.842734344935637,0.5386949873823775,COMPLETE
56,56,0.9702888237861514,2022-03-30 06:12:43.671916,2022-03-30 06:15:20.336203,0 days 00:02:36.664287,0.6749514323700309,0.43336519337089163,lossguide,0.15655463977082493,3.0472060161794987,9,13,1.7227704131380435,2.7504158455711902,10.152556553748262,0.4807229813741189,COMPLETE
57,57,0.9678211439220968,2022-03-30 06:15:20.338168,2022-03-30 06:18:51.809019,0 days 00:03:31.470851,0.8392302554396041,1.7826688765968706,lossguide,0.4563785628103879,7.084823089363456,11,15,3.761656496335067,6.598758701030004,5.457785021638212,0.8137572603104031,COMPLETE
58,58,0.9716690812127414,2022-03-30 06:18:51.810772,2022-03-30 06:22:09.885975,0 days 00:03:18.075203,0.613090355520459,0.8005525382294347,lossguide,0.10773174223777525,5.563600197508137,14,16,3.5906143040298346,3.911630997395746,6.7072871054479215,0.6352438930477434,COMPLETE
59,59,0.9668928274745463,2022-03-30 06:22:09.887828,2022-03-30 06:24:17.166122,0 days 00:02:07.278294,0.45739503010188504,2.52712166725028,depthwise,0.29161930358164107,7.611484208746052,15,36,1.209539611360273,2.8041538687959404,6.901034491445746,0.677367193812018,COMPLETE
60,60,0.9707222473124585,2022-03-30 06:24:17.168136,2022-03-30 06:27:46.784157,0 days 00:03:29.616021,0.6257998848311784,2.85641345494175,lossguide,0.16872299667848673,3.999369116666717,15,17,2.2261696914863585,2.9475363724201675,9.612043701554759,0.6356304824458858,COMPLETE
61,61,0.9695658589817181,2022-03-30 06:27:46.786749,2022-03-30 06:29:29.186183,0 days 00:01:42.399434,0.35923571503090457,1.7394652452037138,lossguide,0.12329774937112023,9.043472861410791,15,24,2.5738222989752346,5.967915806898351,10.215750737594616,0.45753583266930575,COMPLETE
62,62,0.9693044728056447,2022-03-30 06:29:29.192783,2022-03-30 06:31:23.233647,0 days 00:01:54.040864,0.4085185907532175,0.4194685513435632,lossguide,0.13959358709076844,3.588922595977701,13,48,3.7656448467793187,1.3431112182324636,3.130660188087643,0.8474882712855675,COMPLETE
63,63,0.9712864034926635,2022-03-30 06:31:23.235645,2022-03-30 06:34:26.053857,0 days 00:03:02.818212,0.7276071316925561,0.2648148218003237,lossguide,0.2668825641882906,1.2009932383929947,14,7,5.461806331898937,4.674735246581951,4.34458372901584,0.6689169068649827,COMPLETE
64,64,0.9690128408324497,2022-03-30 06:34:26.055847,2022-03-30 06:37:23.997634,0 days 00:02:57.941787,0.5724212982130206,0.46310633717218497,lossguide,0.31321279992820783,1.4445463807128296,15,3,6.778455620968818,6.3148711127437585,7.297347756650368,0.49335742614390027,COMPLETE
65,65,0.9696114933889438,2022-03-30 06:37:23.999671,2022-03-30 06:41:08.874551,0 days 00:03:44.874880,0.7077039004124303,1.3559356213674247,lossguide,0.2412994675151266,1.3029969146422054,11,5,8.009656672080743,3.8840724639528488,1.6910216825512125,0.7557879711506503,COMPLETE
66,66,0.9722729277372405,2022-03-30 06:41:08.876531,2022-03-30 06:45:36.415417,0 days 00:04:27.538886,0.4770797640172175,1.8811836156617139,lossguide,0.034945381523903696,7.5113476226101445,14,7,3.562396521741003,3.513158774691492,5.105719590979486,0.7991426626532299,COMPLETE
67,67,0.9727260951053012,2022-03-30 06:45:36.418083,2022-03-30 06:49:59.242813,0 days 00:04:22.824730,0.6604654918725615,0.2998930171324178,depthwise,0.03591236525702572,4.720835262443072,11,4,4.0525243945675316,3.3926279238250703,3.7386466185211034,0.6795532446730908,COMPLETE
68,68,0.9685614685931694,2022-03-30 06:49:59.244731,2022-03-30 06:52:09.593708,0 days 00:02:10.348977,0.47855586172965336,0.36840817047934304,depthwise,0.37427388800301187,4.971429656877938,7,18,6.133160607289211,2.060576023251107,5.819713584680116,0.8100325367064937,COMPLETE
69,69,0.9713293979422737,2022-03-30 06:52:09.595779,2022-03-30 06:55:14.671860,0 days 00:03:05.076081,0.43246892934354897,2.058557511688738,lossguide,0.14614887397634918,8.422723533735422,12,6,0.35796287487990286,4.180471905885764,9.880285491434652,0.9332283127709722,COMPLETE
70,70,0.9662604913380924,2022-03-30 06:55:14.673785,2022-03-30 06:58:08.197370,0 days 00:02:53.523585,0.37277459439968974,1.7796519149096413,lossguide,0.009677377714181645,6.889974324836103,14,18,2.283837557474537,4.303794354038137,1.7519408154077714,0.8958919302331511,COMPLETE
71,71,0.970769760702177,2022-03-30 06:58:08.203700,2022-03-30 07:01:11.558462,0 days 00:03:03.354762,0.48372769827899087,2.177108939539167,lossguide,0.04302831188344304,3.9225158852006574,10,10,5.001941309983154,2.4461066921834522,2.645743887618959,0.5047248464888237,COMPLETE
72,72,0.9709159470368869,2022-03-30 07:01:11.560632,2022-03-30 07:06:14.909312,0 days 00:05:03.348680,0.6253809044960102,0.34978063987047003,depthwise,0.015886064236558393,4.969358638579633,11,3,5.441440840751049,4.150971208134852,4.805810974443715,0.7731366132826292,COMPLETE
73,73,0.9707898536381269,2022-03-30 07:06:14.916430,2022-03-30 07:09:43.667866,0 days 00:03:28.751436,0.6705746872394758,2.275560207371808,lossguide,0.16137566924909688,7.2895544223654465,14,14,4.512701857528941,4.521219837394083,10.490774306193373,0.6303626066848659,COMPLETE
74,74,0.9682188549918204,2022-03-30 07:09:43.669884,2022-03-30 07:12:22.539186,0 days 00:02:38.869302,0.7246780124931341,0.9049130727965315,depthwise,0.31086923416692963,4.452056501014376,10,10,5.130659604449269,2.1229574449815187,2.1826876977920584,0.5542918945515518,COMPLETE
75,75,0.9668578082998206,2022-03-30 07:12:22.541068,2022-03-30 07:14:35.040487,0 days 00:02:12.499419,0.62937230348198,1.7389084164661255,depthwise,0.11902660420546629,4.185185732614995,12,30,0.006903018450975629,3.849301900140206,1.8847091565082805,0.4370964458087807,COMPLETE
76,76,0.953303315056341,2022-03-30 07:14:35.042464,2022-03-30 07:17:32.775762,0 days 00:02:57.733298,0.5994408542980425,4.704221322615667,lossguide,0.32015299797900787,7.605600295332061,12,7,4.874442241561443,2.368080971238018,0.23023892037989668,0.6847673302990375,COMPLETE
77,77,0.9706485424536928,2022-03-30 07:17:32.777686,2022-03-30 07:20:39.629159,0 days 00:03:06.851473,0.520964477519045,2.9797213667168663,lossguide,0.09547947623146558,5.830610924851251,15,31,3.954803329364829,4.182004446156746,6.720232393392138,0.609955822443744,COMPLETE
78,78,0.9723136519553511,2022-03-30 07:20:39.630964,2022-03-30 07:25:45.101910,0 days 00:05:05.470946,0.7304256121238215,0.6079544062745827,lossguide,0.046766764280075396,7.843189227866055,10,2,7.114651600256438,2.435189915767598,3.111912567636957,0.9858039463702218,COMPLETE
79,79,0.9695714635782985,2022-03-30 07:25:45.103746,2022-03-30 07:31:15.712333,0 days 00:05:30.608587,0.7701374299899302,1.5986260227732412,lossguide,0.012191325737968231,6.145408064798118,11,3,4.794490199805896,1.5226431897726347,4.925049698904822,0.8628828294367324,COMPLETE
80,80,0.9723662220049437,2022-03-30 07:31:15.714610,2022-03-30 07:36:05.457975,0 days 00:04:49.743365,0.9507027221039088,0.07590862869437864,lossguide,0.1341812480733236,6.6123150406184505,12,12,8.552924022095228,5.191170636221003,6.316792239992898,0.9423912772069316,COMPLETE
81,81,0.792548867446505,2022-03-30 07:36:05.460076,2022-03-30 07:36:40.499023,0 days 00:00:35.038947,0.854684995742746,1.07655884243675,lossguide,0.16889465091545414,6.256661755987844,11,26,0.27662465266774694,5.775299261108305,0.0070129349656244955,0.7143258534176044,COMPLETE
82,82,0.9705798832747566,2022-03-30 07:36:40.500545,2022-03-30 07:41:05.052578,0 days 00:04:24.552033,0.92993927037578,1.2116928584648126,lossguide,0.3137693589461076,3.607400910877852,9,11,9.746591927044626,3.0588202798975335,10.01925894618633,0.8645652438021991,COMPLETE
83,83,0.971196957590041,2022-03-30 07:41:05.054441,2022-03-30 07:46:06.683170,0 days 00:05:01.628729,0.9668542576952597,1.7628453812660019,lossguide,0.19936259016411967,4.095004512189671,15,21,6.440046247165695,3.1927161346084465,8.49987797929035,0.8878838778165128,COMPLETE
84,84,0.9717110105968009,2022-03-30 07:46:06.685196,2022-03-30 07:50:34.545051,0 days 00:04:27.859855,0.7508087696709035,1.416500260980981,lossguide,0.13886982132291248,9.976508851010776,9,3,6.9838578560288385,3.4710531788009287,5.948870503964373,0.9468828857917441,COMPLETE
85,85,0.968681646374204,2022-03-30 07:50:34.547242,2022-03-30 07:54:49.349439,0 days 00:04:14.802197,0.9824496165338772,0.8937587653052549,lossguide,0.30328633050440784,6.115843921857956,12,10,8.625018516215453,7.734400295787005,0.8976161920947296,0.8731887229043153,COMPLETE
86,86,0.9697441353134623,2022-03-30 07:54:49.351595,2022-03-30 07:59:04.455277,0 days 00:04:15.103682,0.8282912613796003,1.08151634502386,depthwise,0.34143622349581615,8.40874520169478,12,3,8.635013664050486,5.323078707388316,8.97673478456874,0.8680998881231854,COMPLETE
87,87,0.9715151173040687,2022-03-30 07:59:04.457427,2022-03-30 08:02:47.293895,0 days 00:03:42.836468,0.878186229591574,0.717592774273736,lossguide,0.21230243630986573,9.247124251454071,13,12,9.282684049010264,1.5922666188274728,9.723720245557086,0.8649956422355107,COMPLETE
88,88,0.9711920729457842,2022-03-30 08:02:47.295847,2022-03-30 08:08:08.036654,0 days 00:05:20.740807,0.8898472554472747,2.591859801282607,lossguide,0.03493646796512523,8.670281543357909,12,10,8.786879977578986,3.4827116938121754,3.1672851812578555,0.7957752142706949,COMPLETE
89,89,0.9694903201833148,2022-03-30 08:08:08.038882,2022-03-30 08:11:17.276652,0 days 00:03:09.237770,0.771044955273821,2.101682376185413,lossguide,0.23539169781588348,9.089452427570395,6,11,6.363095342252434,4.208993009695756,1.749783020713692,0.9479964086290578,COMPLETE
90,90,0.9579757700040995,2022-03-30 08:11:17.278616,2022-03-30 08:15:20.691705,0 days 00:04:03.413089,0.7463310611476696,0.8503268979629962,lossguide,0.007924007720943899,9.047314287043822,7,14,6.343955500976459,1.1532920992041307,7.5959260766769585,0.9655854794135301,COMPLETE
91,91,0.9712326721161898,2022-03-30 08:15:20.693755,2022-03-30 08:19:03.636673,0 days 00:03:42.942918,0.7233894933127711,4.058280546086152,lossguide,0.10646996715468751,9.983272818574864,13,45,8.842066722722508,1.0239560330862831,14.271369634615603,0.8032906275747858,COMPLETE
92,92,0.9721874528355986,2022-03-30 08:19:03.638636,2022-03-30 08:23:12.702662,0 days 00:04:09.064026,0.8621584997132578,0.8133797523440939,lossguide,0.059998188118974116,9.064622918906993,13,24,9.61055586601834,2.6539881220613024,10.701705240599606,0.7217006947787976,COMPLETE
93,93,0.9708431831522687,2022-03-30 08:23:12.709462,2022-03-30 08:25:37.674591,0 days 00:02:24.965129,0.4529431417256842,0.8797880630637325,lossguide,0.15783796783746412,8.656864444384778,13,15,9.131493185970726,1.4311205046692106,10.616906196758277,0.6084804488296935,COMPLETE
94,94,0.9717027031260667,2022-03-30 08:25:37.676572,2022-03-30 08:29:08.247231,0 days 00:03:30.570659,0.8620724307575187,1.2215602403598602,lossguide,0.11610185054577167,8.207609790907624,15,31,9.037168853086781,4.581814416001686,9.567813619665692,0.7155518679469202,COMPLETE
95,95,0.9710885566138904,2022-03-30 08:29:08.250004,2022-03-30 08:33:31.951263,0 days 00:04:23.701259,0.6263133947332838,3.393989720908308,lossguide,0.13136455024136523,9.734479009565417,13,22,6.304698753760231,6.567214698944717,6.480680192599699,0.9564724973314527,COMPLETE
96,96,0.9694970673413289,2022-03-30 08:33:31.953072,2022-03-30 08:37:49.460932,0 days 00:04:17.507860,0.9438954657416142,5.38987325139151,lossguide,0.24422928768017715,9.57906994268824,15,33,9.291577865060951,5.084217598423264,12.129610620848835,0.6573878833634277,COMPLETE
97,97,0.9724744291131642,2022-03-30 08:37:49.462799,2022-03-30 08:43:29.882869,0 days 00:05:40.420070,0.8749646609424566,1.09027030880998,lossguide,0.03963373869285994,8.543968383534862,11,2,9.741666782609888,7.761936130058608,12.907880284517525,0.8774673439009443,COMPLETE
98,98,0.9728386524147771,2022-03-30 08:43:29.885240,2022-03-30 08:47:55.822339,0 days 00:04:25.937099,0.8508454868991611,0.02922983279581448,lossguide,0.1186142450607101,9.698027660915235,12,6,7.834668656735599,9.92438998860236,15.083492367393609,0.8489954388436329,COMPLETE
99,99,0.9719890071909213,2022-03-30 08:47:55.824868,2022-03-30 08:52:52.841227,0 days 00:04:57.016359,0.7332426006691896,2.814378324103827,lossguide,0.03287492151816482,8.179162681738475,14,17,8.896812827420606,9.479260566431652,17.739479459957117,0.7568019157155986,COMPLETE
100,100,0.9727166299861657,2022-03-30 08:52:52.843287,2022-03-30 08:57:25.322713,0 days 00:04:32.479426,0.8735512948995674,0.42609144039462876,lossguide,0.06058608191759955,7.683975689487186,14,15,8.669288712795304,8.912997590456122,19.99947149704554,0.7415734586469453,COMPLETE
101,101,0.9722562057427625,2022-03-30 08:57:25.326814,2022-03-30 09:01:57.620500,0 days 00:04:32.293686,0.9356647936824235,0.567074159029614,lossguide,0.09614963326117101,7.289473100282226,12,11,8.523034395593049,9.591366794826389,17.46435033847672,0.5082672365882179,COMPLETE
102,102,0.9686039726402668,2022-03-30 09:01:57.622553,2022-03-30 09:05:12.876393,0 days 00:03:15.253840,0.952042979210579,0.4960330222259965,lossguide,0.39209679876130654,9.903631465712438,14,28,6.459585741938991,9.740465063676794,13.421092150673548,0.6602055371640727,COMPLETE
103,103,0.9676037817865767,2022-03-30 09:05:12.878288,2022-03-30 09:07:49.738589,0 days 00:02:36.860301,0.8830886002733731,1.0007691950029334,depthwise,0.18139757786410188,7.20936386196091,15,31,7.960484805171097,9.170863260197663,12.078532281970581,0.34517574686069347,COMPLETE
104,104,0.971938927414041,2022-03-30 09:07:49.740667,2022-03-30 09:12:28.726364,0 days 00:04:38.985697,0.7742773280848484,1.263785589337673,lossguide,0.042354597796184626,7.913209086515552,9,12,9.645345264977369,8.283763546863128,10.56528458011567,0.9582240811338629,COMPLETE
105,105,0.9721082374101404,2022-03-30 09:12:28.733091,2022-03-30 09:16:44.786276,0 days 00:04:16.053185,0.9479950442292873,0.4878139913637879,lossguide,0.08676086746453356,7.271806056108521,8,2,7.945984515141129,9.86377481409703,17.7088680590999,0.45163284551536664,COMPLETE
106,106,0.9626901540357337,2022-03-30 09:16:44.788138,2022-03-30 09:19:09.707509,0 days 00:02:24.919371,0.9565901920034549,4.323615482809669,lossguide,0.14044324491891436,7.924052284074435,14,16,8.62394912809285,8.11378223826877,19.41837699007503,0.13853068407528019,COMPLETE
107,107,0.9722919569599143,2022-03-30 09:19:09.709980,2022-03-30 09:23:34.339888,0 days 00:04:24.629908,0.860742868275901,0.16429647872022002,lossguide,0.09810681770419519,7.360851140616074,12,4,9.24142331022148,4.986065256791997,6.99491388872637,0.9373120077851536,COMPLETE
108,108,0.9707492030912679,2022-03-30 09:23:34.341908,2022-03-30 09:27:58.663828,0 days 00:04:24.321920,0.9707276449537376,1.3307772646240805,depthwise,0.17034758831826952,5.457419453278754,8,23,9.645678762941495,4.344950334131611,3.6443748206370596,0.9333409803817808,COMPLETE
109,109,0.971293121868887,2022-03-30 09:27:58.665789,2022-03-30 09:32:14.434983,0 days 00:04:15.769194,0.940548131159207,0.317539198542483,lossguide,0.09466097905655797,9.138630581894539,9,45,9.750532479214334,4.749801200288671,13.25400704536302,0.715518704863849,COMPLETE
110,110,0.9712762398605223,2022-03-30 09:32:14.436950,2022-03-30 09:35:27.129567,0 days 00:03:12.692617,0.7345172081436175,0.07017507372707527,lossguide,0.2900249691877998,6.193808188681996,12,4,5.401248933735908,7.068600875692145,17.53305720645653,0.8144098929649781,COMPLETE
111,111,0.971386429940325,2022-03-30 09:35:27.131459,2022-03-30 09:39:19.022178,0 days 00:03:51.890719,0.9402355786320049,0.18633008233904694,lossguide,0.2555256807232898,8.457188087136162,12,6,9.328560318870638,9.004329122732162,17.602818020780372,0.9126371310406158,COMPLETE
112,112,0.9722787137519401,2022-03-30 09:39:19.024259,2022-03-30 09:43:35.935384,0 days 00:04:16.911125,0.8467963522137175,0.2556493214850561,lossguide,0.08457727456854616,6.877658057071691,15,31,7.492711263482638,8.892056576503023,19.66933088546281,0.847468592274109,COMPLETE
113,113,0.9707477656703624,2022-03-30 09:43:35.937794,2022-03-30 09:47:30.480052,0 days 00:03:54.542258,0.9106335925561225,0.39643439765099303,lossguide,0.1844538096124031,8.927507266514938,12,6,7.782808913629588,6.380305167438188,17.01112086226817,0.48080483559888654,COMPLETE
114,114,0.9720163484073726,2022-03-30 09:47:30.481945,2022-03-30 09:52:09.986643,0 days 00:04:39.504698,0.9523118085348875,0.6189156159434659,lossguide,0.18401340812168082,7.25668056648714,12,12,9.970164107488475,5.267088334427428,11.949684322326544,0.7824642280614534,COMPLETE
115,115,0.9714309658273267,2022-03-30 09:52:09.988411,2022-03-30 09:56:06.144261,0 days 00:03:56.155850,0.9391798979503262,1.4357096420896491,lossguide,0.12945952931203641,7.108272868575858,13,15,9.57710460228706,0.6396936350874394,13.634477369227556,0.48091107508587766,COMPLETE
116,116,0.9711921804393909,2022-03-30 09:56:06.146363,2022-03-30 10:00:08.576251,0 days 00:04:02.429888,0.9051907079084737,0.6254748500313112,lossguide,0.1392853816288534,6.549162372607444,15,59,5.07275973212686,9.611202809494095,14.94022839962029,0.8159169788614659,COMPLETE
117,117,0.9713973242640096,2022-03-30 10:00:08.578078,2022-03-30 10:05:20.127448,0 days 00:05:11.549370,0.9124893144850409,0.8732475602090508,lossguide,0.04862884720431454,6.041450917707926,15,41,9.468273450437271,9.029009693435246,17.18178363142955,0.6378255937419386,COMPLETE
118,118,0.971057713172348,2022-03-30 10:05:20.129357,2022-03-30 10:13:13.019987,0 days 00:07:52.890630,0.9617132579808648,0.21340991167978582,lossguide,0.01923050392378474,5.002761663388619,14,24,6.140614645527575,8.195887146773394,19.364805071377745,0.9231169305437825,COMPLETE
119,119,0.9724235738204904,2022-03-30 10:13:13.021783,2022-03-30 10:20:09.152434,0 days 00:06:56.130651,0.9563728990825631,1.2841766753347854,lossguide,0.10025547823974973,6.714802811039978,13,3,7.69316919392695,5.800119042785761,8.273711193380464,0.8555424845609688,COMPLETE
120,120,0.9716862678553353,2022-03-30 10:20:09.154540,2022-03-30 10:23:42.743500,0 days 00:03:33.588960,0.8923971700095163,0.39366129778191855,lossguide,0.18539027598520924,4.241868962637927,14,11,9.717658105232776,5.178657819279016,7.353049628753553,0.93418527723493,COMPLETE
121,121,0.9710428238012758,2022-03-30 10:23:42.745467,2022-03-30 10:28:21.345590,0 days 00:04:38.600123,0.9365065040059061,2.82155847108433,depthwise,0.20161876311849564,8.999673472946956,9,19,8.642585834637625,9.53676567767495,19.653327924553636,0.7679140942035974,COMPLETE
122,122,0.9726831795502174,2022-03-30 10:28:21.347819,2022-03-30 10:32:53.909527,0 days 00:04:32.561708,0.8375100627452273,1.2198879881177924,lossguide,0.05821468846715532,9.684561908846337,11,7,8.586312869009328,9.917231050293614,12.596754385511378,0.7148784354306595,COMPLETE
123,123,0.9724326865735344,2022-03-30 10:32:53.911547,2022-03-30 10:38:39.615696,0 days 00:05:45.704149,0.9424141093066434,1.5374886978361413,lossguide,0.050283310301150685,7.629455434960163,8,6,5.60674126652758,8.93296806368079,11.671473869998925,0.8863161103590732,COMPLETE
124,124,0.9722352240817438,2022-03-30 10:38:39.618233,2022-03-30 10:44:40.499758,0 days 00:06:00.881525,0.9619530010419971,1.174839626078146,lossguide,0.03502133167004287,5.877272096005295,10,7,7.219608822963856,7.247927859067062,6.254300554459906,0.7319986149768452,COMPLETE
125,125,0.9558403382604562,2022-03-30 10:44:40.501575,2022-03-30 10:49:49.913736,0 days 00:05:09.412161,0.8989289250660661,2.844715134630728,lossguide,0.0035275810988831466,9.387044103370698,12,19,9.168898767400979,9.655530868573457,9.210708836888191,0.502957567460864,COMPLETE
126,126,0.9702125097434636,2022-03-30 10:49:49.915785,2022-03-30 10:53:42.955371,0 days 00:03:53.039586,0.8944493896535798,2.376645253636304,lossguide,0.2561389785493552,8.095122313497875,8,34,4.342575773698599,8.811325051826772,12.013699867909649,0.8986132804240561,COMPLETE
127,127,0.9701187952321009,2022-03-30 10:53:42.962375,2022-03-30 10:57:21.614386,0 days 00:03:38.652011,0.8525601128027276,2.2268127606624755,depthwise,0.281591736272323,6.877761645987857,7,3,4.708015727302383,6.756079455888932,12.363032240044697,0.736484945220675,COMPLETE
128,128,0.9689414763989044,2022-03-30 10:57:21.616459,2022-03-30 10:59:13.228152,0 days 00:01:51.611693,0.2828130213172015,0.12212596009920654,depthwise,0.08477389252064046,5.391542160142298,14,3,2.8803073669812784,2.906127193131276,0.3687217671987959,0.4874879939856003,COMPLETE
129,129,0.9728140845791735,2022-03-30 10:59:13.230240,2022-03-30 11:03:55.613930,0 days 00:04:42.383690,0.6855426899098707,0.19842863796304477,lossguide,0.06880857277425413,6.354886116144467,13,4,6.026350150082443,4.789367553419854,6.0704198603902295,0.8340905824369089,COMPLETE
130,130,0.9689239779187115,2022-03-30 11:03:55.615924,2022-03-30 11:06:50.055959,0 days 00:02:54.440035,0.6843544580957783,1.5298524520158112,lossguide,0.038031241834855914,8.71639226130699,6,18,5.59578182496504,9.980394973016361,8.47323740389872,0.6805830688884164,COMPLETE
131,131,0.970448107944387,2022-03-30 11:06:50.063502,2022-03-30 11:09:35.163590,0 days 00:02:45.100088,0.6632730120060272,0.1989354685871494,lossguide,0.25729879698129554,7.621028555784202,14,57,6.452178661257926,4.851503377473729,19.707919767742528,0.8510269606680293,COMPLETE
132,132,0.971886586449593,2022-03-30 11:09:35.165467,2022-03-30 11:15:35.118433,0 days 00:05:59.952966,0.9954040227665645,2.3214532699023485,lossguide,0.09976077242353797,5.100613019372514,8,4,5.198314308617906,8.424369403487555,9.819512532618573,0.9204755219962946,COMPLETE
133,133,0.9710290803344535,2022-03-30 11:15:35.120556,2022-03-30 11:18:21.764571,0 days 00:02:46.644015,0.7898012912930215,0.06410481215045533,lossguide,0.32505512317133756,6.578578598911378,13,22,5.975966592690836,7.064335856904704,9.6574805482891,0.9271106422452023,COMPLETE
134,134,0.9693415003863558,2022-03-30 11:18:21.766788,2022-03-30 11:22:35.029030,0 days 00:04:13.262242,0.9040393407992044,0.26567432425167314,depthwise,0.035897115954101555,5.8845493833257345,11,21,3.8542459096072976,4.16529437924307,1.632049859039732,0.5817665551803792,COMPLETE
135,135,0.948162509199638,2022-03-30 11:22:35.031199,2022-03-30 11:28:45.087169,0 days 00:06:10.055970,0.6424305461786265,0.466309979711803,lossguide,0.00035549247878458035,8.514210894654969,12,13,9.775857800252638,5.300767842500539,17.183569737175958,0.9196753346063056,COMPLETE
136,136,0.9727095334087666,2022-03-30 11:28:45.089247,2022-03-30 11:34:26.232023,0 days 00:05:41.142776,0.9530983778306801,0.11170461527095377,lossguide,0.10050062599130231,8.337998691615436,10,5,5.9195881095512455,6.5958435019117,14.0972964009742,0.982065692097255,COMPLETE
137,137,0.9695061829796415,2022-03-30 11:34:26.234244,2022-03-30 11:38:18.732858,0 days 00:03:52.498614,0.965083255035983,0.5431287628568569,lossguide,0.36664278940174905,9.64576453019586,9,8,8.759484664783104,9.701998871197514,10.926080589770525,0.6575154324299073,COMPLETE
138,138,0.9714573670883935,2022-03-30 11:38:18.734838,2022-03-30 11:42:38.801530,0 days 00:04:20.066692,0.895315516435764,1.749276782243784,lossguide,0.19607125368046407,8.783970029174942,8,17,6.170379909342986,5.462988859733035,13.317001821493754,0.9603451125245721,COMPLETE
139,139,0.9724624261868833,2022-03-30 11:42:38.803507,2022-03-30 11:47:59.412999,0 days 00:05:20.609492,0.6883935151253981,2.0889256057391785,lossguide,0.031505476974489896,6.09646576255267,13,10,6.1511997357643144,4.558070336166353,9.359580001630487,0.8984086398330814,COMPLETE
140,140,0.9721077876974421,2022-03-30 11:47:59.415142,2022-03-30 11:55:33.902241,0 days 00:07:34.487099,0.9194776054717927,1.3848391426256952,lossguide,0.08675255803230206,8.543830494442739,14,3,5.966365131757649,6.335989812411037,12.468553090494838,0.9637369074535747,COMPLETE
141,141,0.970358563684464,2022-03-30 11:55:33.909521,2022-03-30 11:57:59.477799,0 days 00:02:25.568278,0.4722119135908537,1.7981710636690869,lossguide,0.18384094247607694,3.9252276356674485,9,14,9.792944975701849,0.3658508079484042,2.074573384720696,0.9901725888464648,COMPLETE
142,142,0.9707240954213857,2022-03-30 11:57:59.479668,2022-03-30 12:05:52.606446,0 days 00:07:53.126778,0.9982882539939752,0.6001609973230163,lossguide,0.0221816381214837,9.07884261195883,14,16,8.668652515375483,6.191911074618981,5.200654953473082,0.9837181137511298,COMPLETE
143,143,0.968647039405841,2022-03-30 12:05:52.608560,2022-03-30 12:08:49.366595,0 days 00:02:56.758035,0.7585175695720039,0.8763250757988303,lossguide,0.2274895506330973,6.777224292934633,14,14,7.031782493752288,1.6813461146349828,0.602145269394438,0.899569907535719,COMPLETE
144,144,0.972535071741356,2022-03-30 12:08:49.368690,2022-03-30 12:12:40.988541,0 days 00:03:51.619851,0.8207617561985265,1.2668382663805675,lossguide,0.11429758554702701,7.318966290459701,10,19,6.748369580666428,9.653288898366462,15.556495369160032,0.8119534582226631,COMPLETE
145,145,0.9670304111543659,2022-03-30 12:12:40.990643,2022-03-30 12:18:35.778579,0 days 00:05:54.787936,0.5674406850710191,1.6396760168454145,lossguide,0.00740698253014975,4.575880707395571,14,19,6.617589462709157,3.0094683863683356,12.745777040464693,0.9797130757826296,COMPLETE
146,146,0.9720741743851211,2022-03-30 12:18:35.780834,2022-03-30 12:22:35.643479,0 days 00:03:59.862645,0.7327031052603283,1.3742252627271938,lossguide,0.1323359558594877,6.741017940280483,12,17,6.637661529641982,4.7461224270353535,8.43446594292215,0.9143516762868255,COMPLETE
147,147,0.971290989009164,2022-03-30 12:22:35.645469,2022-03-30 12:26:28.280221,0 days 00:03:52.634752,0.6737137239822706,2.080816788444338,lossguide,0.15312402030312178,6.59953077294172,11,8,7.182843579688338,9.728923485278246,17.467297198275123,0.6849746466003424,COMPLETE
148,148,0.9715973640996712,2022-03-30 12:26:28.282336,2022-03-30 12:30:30.585582,0 days 00:04:02.303246,0.7285895233361676,1.7131018737273958,lossguide,0.12793001467288553,8.152765275848743,10,6,6.788138038500608,9.70203375111707,11.308734983945376,0.7118283185747635,COMPLETE
149,149,0.971954128245457,2022-03-30 12:30:30.587655,2022-03-30 12:34:29.716005,0 days 00:03:59.128350,0.7427265697825337,0.7418238142758484,lossguide,0.1749015892719308,9.290949684696493,13,3,9.192624422181273,7.165943982767188,12.405734611632356,0.9154007802283678,COMPLETE
150,150,0.9720152582549261,2022-03-30 12:34:29.717908,2022-03-30 12:38:14.374462,0 days 00:03:44.656554,0.7806442776246931,0.8026850260616097,lossguide,0.11855120788032893,6.6024153122724885,11,18,8.885635512557323,2.6330695959852415,7.187391933350886,0.925160583485071,COMPLETE
151,151,0.9709069139698618,2022-03-30 12:38:14.376587,2022-03-30 12:40:23.614572,0 days 00:02:09.237985,0.4101447051639705,1.7364503601463226,lossguide,0.12149355870911045,4.151956734867688,10,6,0.6499741073696534,5.565117861763621,12.665327424759672,0.5560134085625512,COMPLETE
152,152,0.9485822128360195,2022-03-30 12:40:23.616536,2022-03-30 12:44:39.889154,0 days 00:04:16.272618,0.9373752961303213,1.6729381361277729,lossguide,0.008960352927499887,9.425615865267728,5,3,6.777690053068964,9.399858765961588,14.775620755568994,0.9377092893071226,COMPLETE
153,153,0.9725438522471288,2022-03-30 12:44:39.890995,2022-03-30 12:49:08.588335,0 days 00:04:28.697340,0.7201120925211328,1.1973757743427564,lossguide,0.05367929669113074,8.704861118458389,14,15,7.445086990104042,8.842349771015233,12.916397581501514,0.7648069910523798,COMPLETE
154,154,0.9703008343447651,2022-03-30 12:49:08.590179,2022-03-30 12:53:28.514959,0 days 00:04:19.924780,0.5807915772575036,2.9758201667332678,lossguide,0.2103900852616961,6.092927351881418,15,7,7.186178583241514,7.2427324611968205,8.10734930900903,0.7881673655243188,COMPLETE
155,155,0.9699359466111955,2022-03-30 12:53:28.517034,2022-03-30 12:56:50.736887,0 days 00:03:22.219853,0.6860185218304559,3.220073068033294,lossguide,0.21652574281273318,9.038355107572025,15,17,7.14595419862956,8.445258801178309,13.094531777771547,0.6225983175955492,COMPLETE
156,156,0.9715891412947806,2022-03-30 12:56:50.738820,2022-03-30 13:01:36.535355,0 days 00:04:45.796535,0.8413804623982782,3.611573538120987,lossguide,0.07322891712252771,9.507468879470732,13,26,9.155839377724819,9.845156394022087,9.168953436502791,0.903902132382831,COMPLETE
157,157,0.9722931234327638,2022-03-30 13:01:36.538175,2022-03-30 13:05:29.877010,0 days 00:03:53.338835,0.6584609495599411,1.705668953304806,lossguide,0.09063817397564913,3.614474474352563,9,11,5.307980475000635,4.978908440979841,10.744354942146431,0.8215201775021422,COMPLETE
158,158,0.9726903118962267,2022-03-30 13:05:29.884559,2022-03-30 13:09:27.182390,0 days 00:03:57.297831,0.6299512129873062,1.073305616984134,lossguide,0.09774108546773011,8.531163554733777,10,14,7.444514402204009,9.846044826775229,16.420727571231264,0.8766627662859262,COMPLETE
159,159,0.9676132864897035,2022-03-30 13:09:27.184445,2022-03-30 13:11:41.126127,0 days 00:02:13.941682,0.48982931162083765,0.7473381697644115,lossguide,0.42485663816050845,7.5973651170841565,9,30,7.49909853401043,9.67375026913935,12.461336681373682,0.6935156911199866,COMPLETE
160,160,0.9705485238366102,2022-03-30 13:11:41.128136,2022-03-30 13:14:47.342950,0 days 00:03:06.214814,0.5538403268630836,1.638854481790256,lossguide,0.2571768767416046,9.58611726728086,8,30,7.566671836300862,8.012285126835517,19.527424986138072,0.9751480306317799,COMPLETE
161,161,0.9722797601252232,2022-03-30 13:14:47.344873,2022-03-30 13:19:39.693652,0 days 00:04:52.348779,0.7805135712790158,1.8172104367655633,depthwise,0.09277844187047399,6.8057140265367835,14,9,8.137080744577284,9.487541422105279,12.45570527801827,0.8652193647782813,COMPLETE
162,162,0.9440072285822013,2022-03-30 13:19:39.695580,2022-03-30 13:27:33.560484,0 days 00:07:53.864904,0.9521359082578817,0.57321174428234,lossguide,0.0014938142499244453,8.302173033578445,10,11,6.928692014794233,9.8420021560947,16.613173451635745,0.9505588250007855,COMPLETE
163,163,0.97289833431763,2022-03-30 13:27:33.562440,2022-03-30 13:32:37.600617,0 days 00:05:04.038177,0.648943704713759,0.8193099718999398,lossguide,0.06918389167038828,9.925148698639244,12,2,6.56112122480991,9.170796891918933,15.487504491109764,0.8136370042539133,COMPLETE
164,164,0.9702571932830977,2022-03-30 13:32:37.603047,2022-03-30 13:36:04.593989,0 days 00:03:26.990942,0.4543782246094476,2.3069609603294543,lossguide,0.3059027580620991,8.428653301241043,11,6,6.46142901496369,9.863457766801991,17.348656447710134,0.9393907917660158,COMPLETE
165,165,0.9715627495740112,2022-03-30 13:36:04.596226,2022-03-30 13:41:01.240772,0 days 00:04:56.644546,0.6270177158928677,0.4303103006318204,lossguide,0.028592320605500945,7.444491198236144,10,3,6.5044066502292335,1.4303835250233057,1.88471141025626,0.9456155205818995,COMPLETE
166,166,0.9717741258364772,2022-03-30 13:41:01.250904,2022-03-30 13:46:27.100121,0 days 00:05:25.849217,0.4859310278455198,2.305221280796557,lossguide,0.023028481439695585,8.07792844179229,13,5,6.830656340726483,7.234913263128072,12.4108159328232,0.9225052845414882,COMPLETE
167,167,0.9601342657078437,2022-03-30 13:46:27.102222,2022-03-30 13:51:32.643745,0 days 00:05:05.541523,0.616068562272786,0.7173687885046749,lossguide,0.004185658585803949,7.610472037367823,12,27,9.479320367055713,9.797071739125427,11.75770871445525,0.8355200440182204,COMPLETE
168,168,0.9723882727264508,2022-03-30 13:51:32.645616,2022-03-30 13:55:43.408412,0 days 00:04:10.762796,0.8018030768832758,0.960109726190578,lossguide,0.05540398046378879,9.355818545511136,12,22,7.492760248144585,9.596910158446153,17.468545807381755,0.7082152564089181,COMPLETE
169,169,0.9724512924825724,2022-03-30 13:55:43.410444,2022-03-30 13:58:54.353693,0 days 00:03:10.943249,0.49865417844588455,0.45272446566062063,lossguide,0.14073463338136555,9.216499576564598,10,8,4.013801072133111,9.636187397123399,13.604419087696705,0.682080377845271,COMPLETE
170,170,0.9719728382884784,2022-03-30 13:58:54.355818,2022-03-30 14:05:01.955344,0 days 00:06:07.599526,0.9166385922193601,1.0742397720981611,lossguide,0.1699309372765459,9.226975967983094,13,4,7.875063014697817,9.713332297709126,13.388507167397604,0.8380375483601679,COMPLETE
171,171,0.9686280513936695,2022-03-30 14:05:01.957364,2022-03-30 14:07:00.330914,0 days 00:01:58.373550,0.4469694914717191,0.7391879214692114,lossguide,0.14924845645495738,8.964769119293315,10,11,4.451956430245295,9.454603000253059,9.343940428001723,0.3322140353652228,COMPLETE
172,172,0.9579725572967291,2022-03-30 14:07:00.333011,2022-03-30 14:10:39.713718,0 days 00:03:39.380707,0.6555305977526489,3.749225606198052,depthwise,0.007934220539556003,5.478838205224115,13,11,5.210610232332041,0.2342515534551759,0.8031169852710835,0.5104736955906299,COMPLETE
173,173,0.9722343997972326,2022-03-30 14:10:39.715835,2022-03-30 14:15:11.071995,0 days 00:04:31.356160,0.5374025581553462,1.3228203540311188,lossguide,0.04731179832581292,9.590704615310624,14,3,6.830344399151622,6.913856635547833,18.98498042132426,0.5895371285390214,COMPLETE
174,174,0.9726017673538127,2022-03-30 14:15:11.074200,2022-03-30 14:19:06.829430,0 days 00:03:55.755230,0.5717816244937388,0.860073958907692,lossguide,0.11153211181821705,9.495353538112354,9,10,4.174807119540214,8.597573140799232,10.788506705246315,0.9436951708719006,COMPLETE
175,175,0.9699240002996398,2022-03-30 14:19:06.831585,2022-03-30 14:21:25.953340,0 days 00:02:19.121755,0.3151891553477397,0.9470318268606266,lossguide,0.026831972739825974,8.664363613557365,8,10,4.973711488740794,9.702447025786034,14.3413128185764,0.7275248313311827,COMPLETE
176,176,0.9730713931573814,2022-03-30 14:21:25.955309,2022-03-30 14:25:16.416556,0 days 00:03:50.461247,0.6064865917889339,0.23217013539367937,lossguide,0.10015019426874365,8.624137458249345,9,10,5.40064498178582,9.614984470793917,14.521207037782064,0.8776735515236512,COMPLETE
177,177,0.9714269166007662,2022-03-30 14:25:16.418707,2022-03-30 14:28:21.924154,0 days 00:03:05.505447,0.7063267649033808,1.7916316900303595,lossguide,0.11559269595623078,9.92642214805081,6,15,3.686055116131652,6.530564056540589,11.172400039699092,0.8714666085604593,COMPLETE
178,178,0.9708039799648059,2022-03-30 14:28:21.926644,2022-03-30 14:33:02.431425,0 days 00:04:40.504781,0.678028778501303,0.7187368491323725,lossguide,0.024187912610819817,8.97815082623535,10,28,2.9436670727239247,9.050328268114933,9.60386783932,0.9741085479895297,COMPLETE
179,179,0.9710088476245615,2022-03-30 14:33:02.433554,2022-03-30 14:35:32.430279,0 days 00:02:29.996725,0.4571806826829384,1.5130565332279358,depthwise,0.12945288671757044,8.2251567555803,9,35,5.822728485480227,9.993129271900663,11.919420952999733,0.8026679373034946,COMPLETE
180,180,0.9711244291597895,2022-03-30 14:35:32.432462,2022-03-30 14:39:11.812556,0 days 00:03:39.380094,0.5399101230878718,1.710091175054271,lossguide,0.19371811834274943,9.394847623678917,8,4,5.925691939766696,9.30622905066061,15.176885109208195,0.8128060769024764,COMPLETE
181,181,0.971286907598715,2022-03-30 14:39:11.814546,2022-03-30 14:43:39.319745,0 days 00:04:27.505199,0.9497560455609089,1.744934787937058,lossguide,0.12859497028980751,9.292087118535992,12,42,6.322265964374389,9.5448145031181,15.286361259782241,0.7396208188301997,COMPLETE
182,182,0.972287524615289,2022-03-30 14:43:39.321891,2022-03-30 14:47:40.510831,0 days 00:04:01.188940,0.7087965020260015,3.478612095476849,lossguide,0.03176521263918998,4.559852961050561,12,4,0.46199243646240196,2.7615500232551464,12.773620936144578,0.4487232654612262,COMPLETE
183,183,0.9717291554921209,2022-03-30 14:47:40.512873,2022-03-30 14:51:55.625269,0 days 00:04:15.112396,0.734577104419945,0.8632365086217955,lossguide,0.03560163419429514,9.87516315925991,12,35,4.365884110505407,8.978272670734308,17.79047599452138,0.7132475346629553,COMPLETE
184,184,0.967187394917513,2022-03-30 14:51:55.627234,2022-03-30 14:54:48.312269,0 days 00:02:52.685035,0.43307601284913433,3.1371017495324405,lossguide,0.4323900138482898,7.813435231224705,12,2,4.053070952365566,8.699173679715328,12.59361192513864,0.6849688625688172,COMPLETE
185,185,0.9689133553710617,2022-03-30 14:54:48.314555,2022-03-30 15:00:59.810979,0 days 00:06:11.496424,0.9034172442753358,5.387858983403717,lossguide,0.334702082520438,5.759463560753339,10,3,9.886606958037422,6.930133988608448,11.882215540042097,0.9409275826986518,COMPLETE
186,186,0.9717888922127886,2022-03-30 15:00:59.813010,2022-03-30 15:05:40.709104,0 days 00:04:40.896094,0.5340546260407393,1.6758084980694061,lossguide,0.11636352809548858,5.148195748578296,14,3,6.796479916301518,4.300044278778798,7.233438363669589,0.8240309357558894,COMPLETE
187,187,0.9607390890083036,2022-03-30 15:05:40.711273,2022-03-30 15:10:25.713534,0 days 00:04:45.002261,0.5953334834139812,0.07952776350643409,lossguide,0.006892368657785863,9.533381687352744,9,18,8.874588129843627,9.079680831844632,18.557436409116967,0.9662736959803282,COMPLETE
188,188,0.9729411161782417,2022-03-30 15:10:25.716312,2022-03-30 15:15:03.857505,0 days 00:04:38.141193,0.6182065089741765,0.8495469561698616,lossguide,0.0796493665751603,9.66502243411194,12,7,3.944899042255071,6.920064641856561,15.729840364745023,0.9101567737789511,COMPLETE
189,189,0.9723525788268955,2022-03-30 15:15:03.859549,2022-03-30 15:18:45.069227,0 days 00:03:41.209678,0.593432644321095,0.8598450454033816,lossguide,0.1716743346732184,8.682318736573116,11,9,4.99880390104159,9.538465363762896,14.031871256027626,0.8085707724340526,COMPLETE
190,190,0.9688921246328343,2022-03-30 15:18:45.071432,2022-03-30 15:21:54.399328,0 days 00:03:09.327896,0.48893661115410914,2.1046572976217734,lossguide,0.3609292109064606,9.608754099623948,6,2,4.39945644247199,8.319469191416333,2.278131932124179,0.9832022330695358,COMPLETE
191,191,0.9730576040586411,2022-03-30 15:21:54.401345,2022-03-30 15:25:57.757492,0 days 00:04:03.356147,0.6620561455100953,0.6554026513696987,lossguide,0.10155753034987901,9.717859137328897,9,4,1.7664049797182968,8.059352934915356,16.49825821766577,0.7638216430855855,COMPLETE
192,192,0.9708312758620571,2022-03-30 15:25:57.759507,2022-03-30 15:30:25.248115,0 days 00:04:27.488608,0.7188226273825301,1.7878619673414091,lossguide,0.2213111598607821,9.149631725229083,10,2,2.030649434635597,7.012550537725186,15.120655386903547,0.688038180286453,COMPLETE
193,193,0.9717146303250527,2022-03-30 15:30:25.250021,2022-03-30 15:35:21.616075,0 days 00:04:56.366054,0.719719769384806,1.1612502089781496,lossguide,0.242647256050873,9.850879324900067,13,8,1.7721645751792425,8.258205656523007,19.413217408025748,0.9814959185142046,COMPLETE
194,194,0.9713548948961,2022-03-30 15:35:21.618308,2022-03-30 15:39:09.931677,0 days 00:03:48.313369,0.7964235104835581,1.1771820741537957,depthwise,0.17792898420743725,3.6602426388822895,15,15,3.291083086667017,3.5040557813174384,4.107567895767606,0.8239179081512581,COMPLETE
195,195,0.9715495556001161,2022-03-30 15:39:09.933711,2022-03-30 15:43:23.403154,0 days 00:04:13.469443,0.6269258028035068,2.0312362854180623,lossguide,0.2035247680544814,9.739130709074331,10,12,4.532628732684881,5.856974430488949,14.345076835526122,0.9824230448454442,COMPLETE
196,196,0.9656367006100385,2022-03-30 15:43:23.405250,2022-03-30 15:48:50.192581,0 days 00:05:26.787331,0.6143839640025206,0.8098820368846246,lossguide,0.0068047360510741645,9.447431415913675,12,3,6.260447536739228,9.807060490500973,14.316251586287331,0.7572425634592914,COMPLETE
197,197,0.9703768022610646,2022-03-30 15:48:50.194743,2022-03-30 15:52:24.398720,0 days 00:03:34.203977,0.9101075279660231,1.7351835571308243,lossguide,0.2716687121999367,3.6511061130278337,7,35,7.387270604969626,6.780148802797028,19.918195358210852,0.9110330719172034,COMPLETE
198,198,0.9714321455840866,2022-03-30 15:52:24.400889,2022-03-30 15:54:25.728519,0 days 00:02:01.327630,0.3793277832373681,0.010359275809959989,lossguide,0.13956878461777028,8.056261549059256,13,17,1.5343442221679993,6.617117242085195,15.775438649642194,0.6906111312831154,COMPLETE
199,199,0.9732095419296157,2022-03-30 15:54:25.730538,2022-03-30 15:59:01.372565,0 days 00:04:35.642027,0.7333090667948312,0.686509279863869,lossguide,0.0571035315713899,9.89518925762564,10,8,2.3087445982646853,9.185897991442204,17.29253415864619,0.8376273311541326,COMPLETE
